股票代碼,股票名稱,strategy,total_return,annualized_return,volatility,sharpe_ratio,max_drawdown,win_rate,total_trades
2317.TW,鴻海,RSI,43.14964776424355,3.7885354212375377,18.741201556952916,0.20215008145152813,-50.991147959337226,50.98920863309353,9
2317.TW,鴻海,MACD,182.13131550484164,11.351033370758534,18.66189686103924,0.6082464958027005,-25.354483386310044,50.86916742909423,91
2317.TW,鴻海,MA_CROSS,296.25140102588773,15.3416816528966,19.61411568381859,0.7821755464383899,-27.86777150504672,52.131147540983605,65
2317.TW,鴻海,BOLLINGER,0.2555522450075953,0.026460521530813352,19.964508086754925,0.0013253780867442501,-48.90374098562393,51.209253417455315,22
2317.TW,鴻海,STOCHASTIC,-27.43190136974094,-3.26920472644745,19.982846470041217,-0.16360055267144866,-46.282727141188815,49.36708860759494,27
