股票代碼,股票名稱,strategy,total_return,annualized_return,volatility,sharpe_ratio,max_drawdown,win_rate,total_trades
2330.TW,台積電,RSI,161.43015993209252,10.474877011690097,15.787976242393606,0.6634717997334665,-37.47255143276283,53.31325301204819,9
2330.TW,台積電,MACD,440.9580638551489,19.124339242444897,17.65780417618176,1.0830530824575186,-25.487237943627456,54.143126177024484,95
2330.TW,台積電,MA_CROSS,423.9937081703722,18.731537648563766,19.31139556958648,0.9699732772324372,-24.75468633002289,52.5,74
2330.TW,台積電,BOLLINGER,134.3759168763467,9.230913686781994,17.644110979009394,0.5231725020185886,-25.2514095033749,53.143534994068794,22
2330.TW,台積電,STOCHASTIC,26.582795544934655,2.4736643922151913,17.04936711740286,0.14508834112031288,-44.734114339025425,51.012145748987855,28
