股票代碼,股票名稱,strategy,total_return,annualized_return,volatility,sharpe_ratio,max_drawdown,win_rate,total_trades
2412.TW,中華電,RSI,1.5665156546793124,0.16125775302238132,4.099735680915694,0.03933369504113097,-13.075454104818432,51.78571428571429,3
2412.TW,中華電,MACD,0.5481824148482861,0.0566860364531685,7.360328584235648,0.007701563293597877,-19.241042153321334,52.17391304347826,111
2412.TW,中華電,MA_CROSS,17.714935078496865,1.7050398454776072,8.132155700826997,0.20966640435871312,-14.197189398598638,53.535353535353536,84
2412.TW,中華電,BOLLINGER,39.605587064870164,3.519168649675364,6.54515875327642,0.537675063712353,-11.111118655200865,52.836304700162074,24
2412.TW,中華電,STOCHASTIC,6.631711730782186,0.667835641106862,6.0908806190396225,0.10964517002997223,-14.16308655098836,51.63934426229508,19
