股票代碼,股票名稱,strategy,total_return,annualized_return,volatility,sharpe_ratio,max_drawdown,win_rate,total_trades
2412.TW,中華電,RSI,0.0,0.0,0.0,0,0.0,0,0
2412.TW,中華電,MACD,4.179695657196003,2.150352738944905,6.473125025533785,0.33219700383704287,-6.866294316154304,55.90062111801242,19
2412.TW,中華電,MA_CROSS,1.6949700362141495,0.8771294986041456,8.026190357661028,0.10928341585705383,-6.819883416225479,54.6875,15
2412.TW,中華電,BOLLINGER,16.795076980402524,8.400916844288497,5.449310656118906,1.541647627458218,-3.3582089552239047,55.96330275229357,6
2412.TW,中華電,STOCHASTIC,3.4007600233330937,1.7527958044617264,4.1175316247128615,0.425690914901949,-3.3582089552238537,53.65853658536586,2
