股票代碼,股票名稱,strategy,total_return,annualized_return,volatility,sharpe_ratio,max_drawdown,win_rate,total_trades
2454.TW,聯發科,RSI,260.7691992030804,14.225478821874905,22.842346979753607,0.622767828300818,-38.95654125711592,52.718078381795195,10
2454.TW,聯發科,MACD,142.31826169730303,9.608912636201739,24.855989177361618,0.3865833931466852,-42.38867250664128,48.69337979094077,101
2454.TW,聯發科,MA_CROSS,667.5368138461248,23.52370496845584,26.921876390126474,0.8737765758809848,-34.43278319244642,50.03773584905661,74
2454.TW,聯發科,BOLLINGER,163.52684426266063,10.566393753521108,23.70917767441133,0.44566681723951695,-34.93625715556557,51.843317972350235,25
2454.TW,聯發科,STOCHASTIC,47.965958697435426,4.145174324168366,22.619295388472676,0.18325833112736323,-43.39509644023599,51.18912797281994,26
