股票代碼,股票名稱,strategy,total_return,annualized_return,volatility,sharpe_ratio,max_drawdown,win_rate,total_trades
2881.TW,富邦金,RSI,54.569278482408734,4.6175888269882615,12.567336741389301,0.367427794926564,-30.665346088388095,54.69255663430421,9
2881.TW,富邦金,MACD,140.49516180236589,9.523138834738143,14.20215650614281,0.6705417469958969,-27.669211874092493,53.41328413284133,88
2881.TW,富邦金,MA_CROSS,157.3202335341089,10.293560581138328,16.083835102632044,0.6399941628009999,-27.04359395433572,51.445515196441804,80
2881.TW,富邦金,BOLLINGER,85.2664781912495,6.600710881017524,13.994345755931418,0.4716698441025622,-30.56939321948866,55.62579013906448,25
2881.TW,富邦金,STOCHASTIC,61.30065612122495,5.080898743027817,12.197032970387246,0.41656841916911724,-25.01924252105984,55.23952095808383,26
