股票代碼,股票名稱,strategy,total_return,annualized_return,volatility,sharpe_ratio,max_drawdown,win_rate,total_trades
2882.TW,國泰金,RSI,55.16223957932178,4.659120344907275,15.491854617192438,0.30074645418739665,-39.97109468443914,51.31467345207803,8
2882.TW,國泰金,MACD,87.28330583436521,6.720423003744225,14.629863894900819,0.4593633305150981,-24.87190813983455,51.326623970722785,95
2882.TW,國泰金,MA_CROSS,166.72790836278259,10.704863726060188,16.02118185196213,0.6681694162749393,-32.919544130017414,51.36612021857923,82
2882.TW,國泰金,BOLLINGER,8.244845455879402,0.82464205560977,14.68553294047173,0.05615336256113296,-43.38386839517336,50.870406189555126,21
2882.TW,國泰金,STOCHASTIC,42.87025033439884,3.7675181038733685,13.431657632919253,0.2804953943018671,-26.19462995739482,51.697127937336816,30
